Mapped Object,MMU Mapped Address (hex),,,
,EE,IOP,VU0,VU1
,,,,
EE->VPU->VU->VU0->MEMORY_Mem,0x11004000,,0x00003000,
EE->VPU->VU->VU1->VF[i],,,0x00004000,
EE->VPU->VU->VU1->VI[i],,,0x00004200,
EE->VPU->VU->VU1->Status,,,0x00004300,
EE->VPU->VU->VU1->MAC,,,0x00004310,
EE->VPU->VU->VU1->Clipping,,,0x00004320,
EE->VPU->VU->VU1->R,,,0x00004340,
EE->VPU->VU->VU1->I,,,0x00004350,
EE->VPU->VU->VU1->Q,,,0x00004360,
EE->VPU->VU->VU1->P,,,0x00004370,
EE->VPU->VU->VU1->PC,,,0x000043A0,
EE->VPU->VU->VU1->MEMORY_Mem,0x1100C000,,,0x00000000
EE->MainMemory,0x00000000,,,
EE->EECore->ScratchpadMemory,0x70000000,,,
EE->BootROM,0x1FC00000,0xFFC00000,,
EE->ROM1,0x1E000000,0x1E000000,,
EE->EROM,0x1E040000,,,
EE->ROM2,0x1E400000,,,
EE->UNKNOWN_1A000000,0x1A000000,,,
EE->MEMORY_SIO,0x1000F100,,,
EE->REGISTER_F400,0x1000F400,,,
EE->MEMORY_F410,0x1000F410,,,
EE->REGISTER_F420,0x1000F420,,,
EE->MEMORY_MCH,0x1000F430,,,
EE->MEMORY_F450,0x1000F450,,,
EE->Timers->TIMER_0->COUNT,0x10000000,,,
EE->Timers->TIMER_0->MODE,0x10000010,,,
EE->Timers->TIMER_0->COMP,0x10000020,,,
EE->Timers->TIMER_0->HOLD,0x10000030,,,
EE->Timers->TIMER_1->COUNT,0x10000800,,,
EE->Timers->TIMER_1->MODE,0x10000810,,,
EE->Timers->TIMER_1->COMP,0x10000820,,,
EE->Timers->TIMER_1->HOLD,0x10000830,,,
EE->Timers->TIMER_2->COUNT,0x10001000,,,
EE->Timers->TIMER_2->MODE,0x10001010,,,
EE->Timers->TIMER_2->COMP,0x10001020,,,
EE->Timers->TIMER_3->COUNT,0x10001800,,,
EE->Timers->TIMER_3->MODE,0x10001810,,,
EE->Timers->TIMER_3->COMP,0x10001820,,,
EE->IPU->CMD,0x10002000,,,
EE->IPU->CTRL,0x10002010,,,
EE->IPU->BP,0x10002020,,,
EE->IPU->TOP,0x10002030,,,
EE->GIF->CTRL,0x10003000,,,
EE->GIF->MODE,0x10003010,,,
EE->GIF->STAT,0x10003020,,,
EE->GIF->TAG0,0x10003040,,,
EE->GIF->TAG1,0x10003050,,,
EE->GIF->TAG2,0x10003060,,,
EE->GIF->TAG3,0x10003070,,,
EE->GIF->CNT,0x10003080,,,
EE->GIF->P3CNT,0x10003090,,,
EE->GIF->P3TAG,0x100030A0,,,
EE->VPU->VIF->VIF0->STAT,0x10003800,,,
EE->VPU->VIF->VIF0->FBRST,0x10003810,,,
EE->VPU->VIF->VIF0->ERR,0x10003820,,,
EE->VPU->VIF->VIF0->MARK,0x10003830,,,
EE->VPU->VIF->VIF0->CYCLE,0x10003840,,,
EE->VPU->VIF->VIF0->MODE,0x10003850,,,
EE->VPU->VIF->VIF0->NUM,0x10003860,,,
EE->VPU->VIF->VIF0->MASK,0x10003870,,,
EE->VPU->VIF->VIF0->CODE,0x10003880,,,
EE->VPU->VIF->VIF0->ITOPS,0x10003890,,,
EE->VPU->VIF->VIF0->ITOP,0x100038D0,,,
EE->VPU->VIF->VIF0->R0,0x10003900,,,
EE->VPU->VIF->VIF0->R1,0x10003910,,,
EE->VPU->VIF->VIF0->R2,0x10003920,,,
EE->VPU->VIF->VIF0->R3,0x10003930,,,
EE->VPU->VIF->VIF0->C0,0x10003940,,,
EE->VPU->VIF->VIF0->C1,0x10003950,,,
EE->VPU->VIF->VIF0->C2,0x10003960,,,
EE->VPU->VIF->VIF0->C3,0x10003970,,,
EE->VPU->VIF->VIF1->STAT,0x10003C00,,,
EE->VPU->VIF->VIF1->FBRST,0x10003C10,,,
EE->VPU->VIF->VIF1->ERR,0x10003C20,,,
EE->VPU->VIF->VIF1->MARK,0x10003C30,,,
EE->VPU->VIF->VIF1->CYCLE,0x10003C40,,,
EE->VPU->VIF->VIF1->MODE,0x10003C50,,,
EE->VPU->VIF->VIF1->NUM,0x10003C60,,,
EE->VPU->VIF->VIF1->MASK,0x10003C70,,,
EE->VPU->VIF->VIF1->CODE,0x10003C80,,,
EE->VPU->VIF->VIF1->ITOPS,0x10003C90,,,
EE->VPU->VIF->VIF1->BASE,0x10003CA0,,,
EE->VPU->VIF->VIF1->OFST,0x10003CB0,,,
EE->VPU->VIF->VIF1->TOPS,0x10003CC0,,,
EE->VPU->VIF->VIF1->ITOP,0x10003CD0,,,
EE->VPU->VIF->VIF1->TOP,0x10003CE0,,,
EE->VPU->VIF->VIF1->R0,0x10003D00,,,
EE->VPU->VIF->VIF1->R1,0x10003D10,,,
EE->VPU->VIF->VIF1->R2,0x10003D20,,,
EE->VPU->VIF->VIF1->R3,0x10003D30,,,
EE->VPU->VIF->VIF1->C0,0x10003D40,,,
EE->VPU->VIF->VIF1->C1,0x10003D50,,,
EE->VPU->VIF->VIF1->C2,0x10003D60,,,
EE->VPU->VIF->VIF1->C3,0x10003D70,,,
Common->FIFO_VIF0,0x10004000,,,
Common->FIFO_VIF1,0x10005000,,,
Common->FIFO_GIF,0x10006000,,,
Common->FIFO_fromIPU,0x10007000,,,
Common->FIFO_toIPU,0x10007010,,,
EE->DMAC->CHANNEL_VIF0->CHCR,0x10008000,,,
EE->DMAC->CHANNEL_VIF0->MADR,0x10008010,,,
EE->DMAC->CHANNEL_VIF0->QWC,0x10008020,,,
EE->DMAC->CHANNEL_VIF0->TADR,0x10008030,,,
EE->DMAC->CHANNEL_VIF0->ASR0,0x10008040,,,
EE->DMAC->CHANNEL_VIF0->ASR1,0x10008050,,,
EE->DMAC->CHANNEL_VIF0->MEMORY_8060,0x10008060,,,
EE->DMAC->CHANNEL_VIF1->CHCR,0x10009000,,,
EE->DMAC->CHANNEL_VIF1->MADR,0x10009010,,,
EE->DMAC->CHANNEL_VIF1->QWC,0x10009020,,,
EE->DMAC->CHANNEL_VIF1->TADR,0x10009030,,,
EE->DMAC->CHANNEL_VIF1->ASR0,0x10009040,,,
EE->DMAC->CHANNEL_VIF1->ASR1,0x10009050,,,
EE->DMAC->CHANNEL_VIF1->MEMORY_9060,0x10009060,,,
EE->DMAC->CHANNEL_GIF->CHCR,0x1000A000,,,
EE->DMAC->CHANNEL_GIF->MADR,0x1000A010,,,
EE->DMAC->CHANNEL_GIF->QWC,0x1000A020,,,
EE->DMAC->CHANNEL_GIF->TADR,0x1000A030,,,
EE->DMAC->CHANNEL_GIF->ASR0,0x1000A040,,,
EE->DMAC->CHANNEL_GIF->ASR1,0x1000A050,,,
EE->DMAC->CHANNEL_GIF->MEMORY_A060,0x1000A060,,,
EE->DMAC->CHANNEL_fromIPU->CHCR,0x1000B000,,,
EE->DMAC->CHANNEL_fromIPU->MADR,0x1000B010,,,
EE->DMAC->CHANNEL_fromIPU->QWC,0x1000B020,,,
EE->DMAC->CHANNEL_fromIPU->MEMORY_B030,0x1000B030,,,
EE->DMAC->CHANNEL_toIPU->CHCR,0x1000B400,,,
EE->DMAC->CHANNEL_toIPU->MADR,0x1000B410,,,
EE->DMAC->CHANNEL_toIPU->QWC,0x1000B420,,,
EE->DMAC->CHANNEL_toIPU->TADR,0x1000B430,,,
EE->DMAC->CHANNEL_toIPU->MEMORY_B440,0x1000B440,,,
EE->DMAC->CHANNEL_SIF0->CHCR,0x1000C000,,,
EE->DMAC->CHANNEL_SIF0->MADR,0x1000C010,,,
EE->DMAC->CHANNEL_SIF0->QWC,0x1000C020,,,
EE->DMAC->CHANNEL_SIF0->MEMORY_C030,0x1000C030,,,
EE->DMAC->CHANNEL_SIF1->CHCR,0x1000C400,,,
EE->DMAC->CHANNEL_SIF1->MADR,0x1000C410,,,
EE->DMAC->CHANNEL_SIF1->QWC,0x1000C420,,,
EE->DMAC->CHANNEL_SIF1->TADR,0x1000C430,,,
EE->DMAC->CHANNEL_SIF1->MEMORY_C440,0x1000C440,,,
EE->DMAC->CHANNEL_SIF2->CHCR,0x1000C800,,,
EE->DMAC->CHANNEL_SIF2->MADR,0x1000C810,,,
EE->DMAC->CHANNEL_SIF2->QWC,0x1000C820,,,
EE->DMAC->CHANNEL_SIF2->MEMORY_C830,0x1000C830,,,
EE->DMAC->CHANNEL_fromSPR->CHCR,0x1000D000,,,
EE->DMAC->CHANNEL_fromSPR->MADR,0x1000D010,,,
EE->DMAC->CHANNEL_fromSPR->QWC,0x1000D020,,,
EE->DMAC->CHANNEL_fromSPR->MEMORY_D030,0x1000D030,,,
EE->DMAC->CHANNEL_fromSPR->SADR,0x1000D080,,,
EE->DMAC->CHANNEL_fromSPR->MEMORY_D090,0x1000D090,,,
EE->DMAC->CHANNEL_toSPR->CHCR,0x1000D400,,,
EE->DMAC->CHANNEL_toSPR->MADR,0x1000D410,,,
EE->DMAC->CHANNEL_toSPR->QWC,0x1000D420,,,
EE->DMAC->CHANNEL_toSPR->TADR,0x1000D430,,,
EE->DMAC->CHANNEL_toSPR->MEMORY_D440,0x1000D440,,,
EE->DMAC->CHANNEL_toSPR->SADR,0x1000D480,,,
EE->DMAC->CHANNEL_toSPR->MEMORY_D490,0x1000D490,,,
EE->DMAC->CTRL,0x1000E000,,,
EE->DMAC->STAT,0x1000E010,,,
EE->DMAC->PCR,0x1000E020,,,
EE->DMAC->SQWC,0x1000E030,,,
EE->DMAC->RBSR,0x1000E040,,,
EE->DMAC->RBOR,0x1000E050,,,
EE->DMAC->STADR,0x1000E060,,,
EE->INTC->STAT,0x1000F000,,,
EE->INTC->MASK,0x1000F010,,,
EE->DMAC->MEMORY_F500,0x1000F500,,,
EE->DMAC->ENABLER,0x1000F520,,,
EE->DMAC->ENABLEW,0x1000F590,,,
EE->VPU->VU->VU0->MEMORY_Micro,0x11000000,,,
EE->VPU->VU->VU1->MEMORY_Micro,0x11008000,,,
GS->PMODE,0x12000000,,,
GS->SMODE1,0x12000010,,,
GS->SMODE2,0x12000020,,,
GS->SRFSH,0x12000030,,,
GS->SYNCH1,0x12000040,,,
GS->SYNCH2,0x12000050,,,
GS->SYNCV,0x12000060,,,
GS->DISPFB1,0x12000070,,,
GS->DISPLAY1,0x12000080,,,
GS->DISPFB2,0x12000090,,,
GS->DISPLAY2,0x120000A0,,,
GS->EXTBUF,0x120000B0,,,
GS->EXTDATA,0x120000C0,,,
GS->EXTWRITE,0x120000D0,,,
GS->BGCOLOR,0x120000E0,,,
GS->CSR,0x12001000,,,
GS->IMR,0x12001010,,,
GS->BUSDIR,0x12001040,,,
GS->SIGLBLID,0x12001080,,,
IOP->HW_SSBUS_DEV9_DELAY3,0x1F80141C,0x1F80141C,,
IOP->REGISTER_1470,0x1F801470,,,
IOP->REGISTER_3800,0x1F803800,,,
IOP->MainMemory,0x1C000000,0x00000000,,
Common->SBUS_MSCOM,0x1000F200,0x1D000000,,
Common->SBUS_SMCOM,0x1000F210,0x1D000010,,
Common->SBUS_MSFLG,0x1000F220,0x1D000020,,
Common->SBUS_SMFLG,0x1000F230,0x1D000030,,
Common->SBUS_F240,0x1000F240,0x1D000040,,
Common->SBUS_F250,0x1000F250,,,
Common->SBUS_F260,0x1000F260,0x1D000060,,
Common->SBUS_F300,0x1000F300,,,
Common->SBUS_F380,0x1000F380,,,
IOP->IOPCore->ScratchpadMemory,,0x1F800000,,
IOP->HW_SSBUS_SPD_ADDR,,0x1F801000,,
IOP->HW_SSBUS_PIO_ADDR,,0x1F801004,,
IOP->HW_SSBUS_SPD_DELAY,,0x1F801008,,
IOP->HW_SSBUS_DEV1_DELAY,,0x1F80100C,,
IOP->HW_SSBUS_ROM_DELAY,,0x1F801010,,
IOP->HW_SSBUS_SPU_DELAY,,0x1F801014,,
IOP->HW_SSBUS_DEV5_DELAY,,0x1F801018,,
IOP->HW_SSBUS_PIO_DELAY,,0x1F80101C,,
IOP->HW_SSBUS_COM_DELAY,,0x1F801020,,
IOP->HW_RAM_SIZE,,0x1F801060,,
IOP->HW_SSBUS_DEV1_ADDR,,0x1F801400,,
IOP->HW_SSBUS_SPU_ADDR,,0x1F801404,,
IOP->HW_SSBUS_DEV5_ADDR,,0x1F801408,,
IOP->HW_SSBUS_SPU1_ADDR,,0x1F80140C,,
IOP->HW_SSBUS_DEV9_ADDR3,,0x1F801410,,
IOP->HW_SSBUS_SPU1_DELAY,,0x1F801414,,
IOP->HW_SSBUS_DEV9_DELAY2,,0x1F801418,,
IOP->HW_SSBUS_DEV9_DELAY1,,0x1F801420,,
IOP->HW_ICFG,,0x1F801450,,
IOP->REGISTER_1560,,0x1F801560,,
IOP->REGISTER_1564,,0x1F801564,,
IOP->REGISTER_1568,,0x1F801568,,
IOP->REGISTER_15F0,,0x1F8015F0,,
IOP->REGISTER_2070,,0x1F802070,,
IOP->DMAC->CHANNEL_fromMDEC->MADR,,0x1F801080,,
IOP->DMAC->CHANNEL_fromMDEC->BCR,,0x1F801084,,
IOP->DMAC->CHANNEL_fromMDEC->CHCR,,0x1F801088,,
IOP->DMAC->CHANNEL_toMDEC->MADR,,0x1F801090,,
IOP->DMAC->CHANNEL_toMDEC->BCR,,0x1F801094,,
IOP->DMAC->CHANNEL_toMDEC->CHCR,,0x1F801098,,
IOP->DMAC->CHANNEL_SIF2->MADR,,0x1F8010A0,,
IOP->DMAC->CHANNEL_SIF2->BCR,,0x1F8010A4,,
IOP->DMAC->CHANNEL_SIF2->CHCR,,0x1F8010A8,,
IOP->DMAC->CHANNEL_CDROM->MADR,,0x1F8010B0,,
IOP->DMAC->CHANNEL_CDROM->BCR,,0x1F8010B4,,
IOP->DMAC->CHANNEL_CDROM->CHCR,,0x1F8010B8,,
IOP->DMAC->CHANNEL_SPU2C0->MADR,,0x1F8010C0,,
IOP->DMAC->CHANNEL_SPU2C0->BCR,,0x1F8010C4,,
IOP->DMAC->CHANNEL_SPU2C0->CHCR,,0x1F8010C8,,
IOP->DMAC->CHANNEL_SPU2C0->TADR,,0x1F8010CC,,
IOP->DMAC->CHANNEL_PIO->MADR,,0x1F8010D0,,
IOP->DMAC->CHANNEL_PIO->BCR,,0x1F8010D4,,
IOP->DMAC->CHANNEL_PIO->CHCR,,0x1F8010D8,,
IOP->DMAC->CHANNEL_OTClear->MADR,,0x1F8010E0,,
IOP->DMAC->CHANNEL_OTClear->BCR,,0x1F8010E4,,
IOP->DMAC->CHANNEL_OTClear->CHCR,,0x1F8010E8,,
IOP->DMAC->CHANNEL_SPU2C1->MADR,,0x1F801500,,
IOP->DMAC->CHANNEL_SPU2C1->BCR,,0x1F801504,,
IOP->DMAC->CHANNEL_SPU2C1->CHCR,,0x1F801508,,
IOP->DMAC->CHANNEL_DEV9->MADR,,0x1F801510,,
IOP->DMAC->CHANNEL_DEV9->BCR,,0x1F801514,,
IOP->DMAC->CHANNEL_DEV9->CHCR,,0x1F801518,,
IOP->DMAC->CHANNEL_SIF0->MADR,,0x1F801520,,
IOP->DMAC->CHANNEL_SIF0->BCR,,0x1F801524,,
IOP->DMAC->CHANNEL_SIF0->CHCR,,0x1F801528,,
IOP->DMAC->CHANNEL_SIF0->TADR,,0x1F80152C,,
IOP->DMAC->CHANNEL_SIF1->MADR,,0x1F801530,,
IOP->DMAC->CHANNEL_SIF1->BCR,,0x1F801534,,
IOP->DMAC->CHANNEL_SIF1->CHCR,,0x1F801538,,
IOP->DMAC->CHANNEL_fromSIO2->MADR,,0x1F801540,,
IOP->DMAC->CHANNEL_fromSIO2->BCR,,0x1F801544,,
IOP->DMAC->CHANNEL_fromSIO2->CHCR,,0x1F801548,,
IOP->DMAC->CHANNEL_toSIO2->MADR,,0x1F801550,,
IOP->DMAC->CHANNEL_toSIO2->BCR,,0x1F801554,,
IOP->DMAC->CHANNEL_toSIO2->CHCR,,0x1F801558,,
IOP->DMAC->PCR0,,0x1F8010F0,,
IOP->DMAC->ICR0,,0x1F8010F4,,
IOP->DMAC->PCR1,,0x1F801570,,
IOP->DMAC->ICR1,,0x1F801574,,
IOP->DMAC->GCTRL,,0x1F801578,,
IOP->INTC->STAT,,0x1F801070,,
IOP->INTC->MASK,,0x1F801074,,
IOP->INTC->CTRL,,0x1F801078,,
CDVD->N_COMMAND,,0x1F402004,,
CDVD->N_READY,,0x1F402005,,
CDVD->ERROR,,0x1F402006,,
CDVD->BREAK,,0x1F402007,,
CDVD->STATUS,,0x1F40200A,,
CDVD->TRAY_STATE,,0x1F40200B,,
CDVD->CRT_MINUTE,,0x1F40200C,,
CDVD->CRT_SECOND,,0x1F40200D,,
CDVD->CRT_FRAME,,0x1F40200E,,
CDVD->TYPE,,0x1F40200F,,
CDVD->REGISTER_2013,,0x1F402013,,
CDVD->RSV,,0x1F402015,,
CDVD->S_COMMAND,,0x1F402016,,
CDVD->S_READY,,0x1F402017,,
CDVD->S_DATA_OUT,,0x1F402018,,
CDVD->KEY_20,,0x1F402020,,
CDVD->KEY_21,,0x1F402021,,
CDVD->KEY_22,,0x1F402022,,
CDVD->KEY_23,,0x1F402023,,
CDVD->KEY_24,,0x1F402024,,
CDVD->KEY_28,,0x1F402028,,
CDVD->KEY_29,,0x1F402029,,
CDVD->KEY_2A,,0x1F40202A,,
CDVD->KEY_2B,,0x1F40202B,,
CDVD->KEY_2C,,0x1F40202C,,
CDVD->KEY_30,,0x1F402030,,
CDVD->KEY_31,,0x1F402031,,
CDVD->KEY_32,,0x1F402032,,
CDVD->KEY_33,,0x1F402033,,
CDVD->KEY_34,,0x1F402034,,
CDVD->KEY_38,,0x1F402038,,
CDVD->KEY_XOR,,0x1F402039,,
CDVD->DEC_SET,,0x1F40203A,,
SPU2->CORE_0->VOICE_0->VOLL,,0x1F900000,,
SPU2->CORE_0->VOICE_0->VOLR,,0x1F900002,,
SPU2->CORE_0->VOICE_0->PITCH,,0x1F900004,,
SPU2->CORE_0->VOICE_0->ADSR1,,0x1F900006,,
SPU2->CORE_0->VOICE_0->ADSR2,,0x1F900008,,
SPU2->CORE_0->VOICE_0->ENVX,,0x1F90000A,,
SPU2->CORE_0->VOICE_0->VOLXL,,0x1F90000C,,
SPU2->CORE_0->VOICE_0->VOLXR,,0x1F90000E,,
SPU2->CORE_0->VOICE_1->VOLL,,0x1F900010,,
SPU2->CORE_0->VOICE_1->VOLR,,0x1F900012,,
SPU2->CORE_0->VOICE_1->PITCH,,0x1F900014,,
SPU2->CORE_0->VOICE_1->ADSR1,,0x1F900016,,
SPU2->CORE_0->VOICE_1->ADSR2,,0x1F900018,,
SPU2->CORE_0->VOICE_1->ENVX,,0x1F90001A,,
SPU2->CORE_0->VOICE_1->VOLXL,,0x1F90001C,,
SPU2->CORE_0->VOICE_1->VOLXR,,0x1F90001E,,
SPU2->CORE_0->VOICE_2->VOLL,,0x1F900020,,
SPU2->CORE_0->VOICE_2->VOLR,,0x1F900022,,
SPU2->CORE_0->VOICE_2->PITCH,,0x1F900024,,
SPU2->CORE_0->VOICE_2->ADSR1,,0x1F900026,,
SPU2->CORE_0->VOICE_2->ADSR2,,0x1F900028,,
SPU2->CORE_0->VOICE_2->ENVX,,0x1F90002A,,
SPU2->CORE_0->VOICE_2->VOLXL,,0x1F90002C,,
SPU2->CORE_0->VOICE_2->VOLXR,,0x1F90002E,,
SPU2->CORE_0->VOICE_3->VOLL,,0x1F900030,,
SPU2->CORE_0->VOICE_3->VOLR,,0x1F900032,,
SPU2->CORE_0->VOICE_3->PITCH,,0x1F900034,,
SPU2->CORE_0->VOICE_3->ADSR1,,0x1F900036,,
SPU2->CORE_0->VOICE_3->ADSR2,,0x1F900038,,
SPU2->CORE_0->VOICE_3->ENVX,,0x1F90003A,,
SPU2->CORE_0->VOICE_3->VOLXL,,0x1F90003C,,
SPU2->CORE_0->VOICE_3->VOLXR,,0x1F90003E,,
SPU2->CORE_0->VOICE_4->VOLL,,0x1F900040,,
SPU2->CORE_0->VOICE_4->VOLR,,0x1F900042,,
SPU2->CORE_0->VOICE_4->PITCH,,0x1F900044,,
SPU2->CORE_0->VOICE_4->ADSR1,,0x1F900046,,
SPU2->CORE_0->VOICE_4->ADSR2,,0x1F900048,,
SPU2->CORE_0->VOICE_4->ENVX,,0x1F90004A,,
SPU2->CORE_0->VOICE_4->VOLXL,,0x1F90004C,,
SPU2->CORE_0->VOICE_4->VOLXR,,0x1F90004E,,
SPU2->CORE_0->VOICE_5->VOLL,,0x1F900050,,
SPU2->CORE_0->VOICE_5->VOLR,,0x1F900052,,
SPU2->CORE_0->VOICE_5->PITCH,,0x1F900054,,
SPU2->CORE_0->VOICE_5->ADSR1,,0x1F900056,,
SPU2->CORE_0->VOICE_5->ADSR2,,0x1F900058,,
SPU2->CORE_0->VOICE_5->ENVX,,0x1F90005A,,
SPU2->CORE_0->VOICE_5->VOLXL,,0x1F90005C,,
SPU2->CORE_0->VOICE_5->VOLXR,,0x1F90005E,,
SPU2->CORE_0->VOICE_6->VOLL,,0x1F900060,,
SPU2->CORE_0->VOICE_6->VOLR,,0x1F900062,,
SPU2->CORE_0->VOICE_6->PITCH,,0x1F900064,,
SPU2->CORE_0->VOICE_6->ADSR1,,0x1F900066,,
SPU2->CORE_0->VOICE_6->ADSR2,,0x1F900068,,
SPU2->CORE_0->VOICE_6->ENVX,,0x1F90006A,,
SPU2->CORE_0->VOICE_6->VOLXL,,0x1F90006C,,
SPU2->CORE_0->VOICE_6->VOLXR,,0x1F90006E,,
SPU2->CORE_0->VOICE_7->VOLL,,0x1F900070,,
SPU2->CORE_0->VOICE_7->VOLR,,0x1F900072,,
SPU2->CORE_0->VOICE_7->PITCH,,0x1F900074,,
SPU2->CORE_0->VOICE_7->ADSR1,,0x1F900076,,
SPU2->CORE_0->VOICE_7->ADSR2,,0x1F900078,,
SPU2->CORE_0->VOICE_7->ENVX,,0x1F90007A,,
SPU2->CORE_0->VOICE_7->VOLXL,,0x1F90007C,,
SPU2->CORE_0->VOICE_7->VOLXR,,0x1F90007E,,
SPU2->CORE_0->VOICE_8->VOLL,,0x1F900080,,
SPU2->CORE_0->VOICE_8->VOLR,,0x1F900082,,
SPU2->CORE_0->VOICE_8->PITCH,,0x1F900084,,
SPU2->CORE_0->VOICE_8->ADSR1,,0x1F900086,,
SPU2->CORE_0->VOICE_8->ADSR2,,0x1F900088,,
SPU2->CORE_0->VOICE_8->ENVX,,0x1F90008A,,
SPU2->CORE_0->VOICE_8->VOLXL,,0x1F90008C,,
SPU2->CORE_0->VOICE_8->VOLXR,,0x1F90008E,,
SPU2->CORE_0->VOICE_9->VOLL,,0x1F900090,,
SPU2->CORE_0->VOICE_9->VOLR,,0x1F900092,,
SPU2->CORE_0->VOICE_9->PITCH,,0x1F900094,,
SPU2->CORE_0->VOICE_9->ADSR1,,0x1F900096,,
SPU2->CORE_0->VOICE_9->ADSR2,,0x1F900098,,
SPU2->CORE_0->VOICE_9->ENVX,,0x1F90009A,,
SPU2->CORE_0->VOICE_9->VOLXL,,0x1F90009C,,
SPU2->CORE_0->VOICE_9->VOLXR,,0x1F90009E,,
SPU2->CORE_0->VOICE_10->VOLL,,0x1F9000A0,,
SPU2->CORE_0->VOICE_10->VOLR,,0x1F9000A2,,
SPU2->CORE_0->VOICE_10->PITCH,,0x1F9000A4,,
SPU2->CORE_0->VOICE_10->ADSR1,,0x1F9000A6,,
SPU2->CORE_0->VOICE_10->ADSR2,,0x1F9000A8,,
SPU2->CORE_0->VOICE_10->ENVX,,0x1F9000AA,,
SPU2->CORE_0->VOICE_10->VOLXL,,0x1F9000AC,,
SPU2->CORE_0->VOICE_10->VOLXR,,0x1F9000AE,,
SPU2->CORE_0->VOICE_11->VOLL,,0x1F9000B0,,
SPU2->CORE_0->VOICE_11->VOLR,,0x1F9000B2,,
SPU2->CORE_0->VOICE_11->PITCH,,0x1F9000B4,,
SPU2->CORE_0->VOICE_11->ADSR1,,0x1F9000B6,,
SPU2->CORE_0->VOICE_11->ADSR2,,0x1F9000B8,,
SPU2->CORE_0->VOICE_11->ENVX,,0x1F9000BA,,
SPU2->CORE_0->VOICE_11->VOLXL,,0x1F9000BC,,
SPU2->CORE_0->VOICE_11->VOLXR,,0x1F9000BE,,
SPU2->CORE_0->VOICE_12->VOLL,,0x1F9000C0,,
SPU2->CORE_0->VOICE_12->VOLR,,0x1F9000C2,,
SPU2->CORE_0->VOICE_12->PITCH,,0x1F9000C4,,
SPU2->CORE_0->VOICE_12->ADSR1,,0x1F9000C6,,
SPU2->CORE_0->VOICE_12->ADSR2,,0x1F9000C8,,
SPU2->CORE_0->VOICE_12->ENVX,,0x1F9000CA,,
SPU2->CORE_0->VOICE_12->VOLXL,,0x1F9000CC,,
SPU2->CORE_0->VOICE_12->VOLXR,,0x1F9000CE,,
SPU2->CORE_0->VOICE_13->VOLL,,0x1F9000D0,,
SPU2->CORE_0->VOICE_13->VOLR,,0x1F9000D2,,
SPU2->CORE_0->VOICE_13->PITCH,,0x1F9000D4,,
SPU2->CORE_0->VOICE_13->ADSR1,,0x1F9000D6,,
SPU2->CORE_0->VOICE_13->ADSR2,,0x1F9000D8,,
SPU2->CORE_0->VOICE_13->ENVX,,0x1F9000DA,,
SPU2->CORE_0->VOICE_13->VOLXL,,0x1F9000DC,,
SPU2->CORE_0->VOICE_13->VOLXR,,0x1F9000DE,,
SPU2->CORE_0->VOICE_14->VOLL,,0x1F9000E0,,
SPU2->CORE_0->VOICE_14->VOLR,,0x1F9000E2,,
SPU2->CORE_0->VOICE_14->PITCH,,0x1F9000E4,,
SPU2->CORE_0->VOICE_14->ADSR1,,0x1F9000E6,,
SPU2->CORE_0->VOICE_14->ADSR2,,0x1F9000E8,,
SPU2->CORE_0->VOICE_14->ENVX,,0x1F9000EA,,
SPU2->CORE_0->VOICE_14->VOLXL,,0x1F9000EC,,
SPU2->CORE_0->VOICE_14->VOLXR,,0x1F9000EE,,
SPU2->CORE_0->VOICE_15->VOLL,,0x1F9000F0,,
SPU2->CORE_0->VOICE_15->VOLR,,0x1F9000F2,,
SPU2->CORE_0->VOICE_15->PITCH,,0x1F9000F4,,
SPU2->CORE_0->VOICE_15->ADSR1,,0x1F9000F6,,
SPU2->CORE_0->VOICE_15->ADSR2,,0x1F9000F8,,
SPU2->CORE_0->VOICE_15->ENVX,,0x1F9000FA,,
SPU2->CORE_0->VOICE_15->VOLXL,,0x1F9000FC,,
SPU2->CORE_0->VOICE_15->VOLXR,,0x1F9000FE,,
SPU2->CORE_0->VOICE_16->VOLL,,0x1F900100,,
SPU2->CORE_0->VOICE_16->VOLR,,0x1F900102,,
SPU2->CORE_0->VOICE_16->PITCH,,0x1F900104,,
SPU2->CORE_0->VOICE_16->ADSR1,,0x1F900106,,
SPU2->CORE_0->VOICE_16->ADSR2,,0x1F900108,,
SPU2->CORE_0->VOICE_16->ENVX,,0x1F90010A,,
SPU2->CORE_0->VOICE_16->VOLXL,,0x1F90010C,,
SPU2->CORE_0->VOICE_16->VOLXR,,0x1F90010E,,
SPU2->CORE_0->VOICE_17->VOLL,,0x1F900110,,
SPU2->CORE_0->VOICE_17->VOLR,,0x1F900112,,
SPU2->CORE_0->VOICE_17->PITCH,,0x1F900114,,
SPU2->CORE_0->VOICE_17->ADSR1,,0x1F900116,,
SPU2->CORE_0->VOICE_17->ADSR2,,0x1F900118,,
SPU2->CORE_0->VOICE_17->ENVX,,0x1F90011A,,
SPU2->CORE_0->VOICE_17->VOLXL,,0x1F90011C,,
SPU2->CORE_0->VOICE_17->VOLXR,,0x1F90011E,,
SPU2->CORE_0->VOICE_18->VOLL,,0x1F900120,,
SPU2->CORE_0->VOICE_18->VOLR,,0x1F900122,,
SPU2->CORE_0->VOICE_18->PITCH,,0x1F900124,,
SPU2->CORE_0->VOICE_18->ADSR1,,0x1F900126,,
SPU2->CORE_0->VOICE_18->ADSR2,,0x1F900128,,
SPU2->CORE_0->VOICE_18->ENVX,,0x1F90012A,,
SPU2->CORE_0->VOICE_18->VOLXL,,0x1F90012C,,
SPU2->CORE_0->VOICE_18->VOLXR,,0x1F90012E,,
SPU2->CORE_0->VOICE_19->VOLL,,0x1F900130,,
SPU2->CORE_0->VOICE_19->VOLR,,0x1F900132,,
SPU2->CORE_0->VOICE_19->PITCH,,0x1F900134,,
SPU2->CORE_0->VOICE_19->ADSR1,,0x1F900136,,
SPU2->CORE_0->VOICE_19->ADSR2,,0x1F900138,,
SPU2->CORE_0->VOICE_19->ENVX,,0x1F90013A,,
SPU2->CORE_0->VOICE_19->VOLXL,,0x1F90013C,,
SPU2->CORE_0->VOICE_19->VOLXR,,0x1F90013E,,
SPU2->CORE_0->VOICE_20->VOLL,,0x1F900140,,
SPU2->CORE_0->VOICE_20->VOLR,,0x1F900142,,
SPU2->CORE_0->VOICE_20->PITCH,,0x1F900144,,
SPU2->CORE_0->VOICE_20->ADSR1,,0x1F900146,,
SPU2->CORE_0->VOICE_20->ADSR2,,0x1F900148,,
SPU2->CORE_0->VOICE_20->ENVX,,0x1F90014A,,
SPU2->CORE_0->VOICE_20->VOLXL,,0x1F90014C,,
SPU2->CORE_0->VOICE_20->VOLXR,,0x1F90014E,,
SPU2->CORE_0->VOICE_21->VOLL,,0x1F900150,,
SPU2->CORE_0->VOICE_21->VOLR,,0x1F900152,,
SPU2->CORE_0->VOICE_21->PITCH,,0x1F900154,,
SPU2->CORE_0->VOICE_21->ADSR1,,0x1F900156,,
SPU2->CORE_0->VOICE_21->ADSR2,,0x1F900158,,
SPU2->CORE_0->VOICE_21->ENVX,,0x1F90015A,,
SPU2->CORE_0->VOICE_21->VOLXL,,0x1F90015C,,
SPU2->CORE_0->VOICE_21->VOLXR,,0x1F90015E,,
SPU2->CORE_0->VOICE_22->VOLL,,0x1F900160,,
SPU2->CORE_0->VOICE_22->VOLR,,0x1F900162,,
SPU2->CORE_0->VOICE_22->PITCH,,0x1F900164,,
SPU2->CORE_0->VOICE_22->ADSR1,,0x1F900166,,
SPU2->CORE_0->VOICE_22->ADSR2,,0x1F900168,,
SPU2->CORE_0->VOICE_22->ENVX,,0x1F90016A,,
SPU2->CORE_0->VOICE_22->VOLXL,,0x1F90016C,,
SPU2->CORE_0->VOICE_22->VOLXR,,0x1F90016E,,
SPU2->CORE_0->VOICE_23->VOLL,,0x1F900170,,
SPU2->CORE_0->VOICE_23->VOLR,,0x1F900172,,
SPU2->CORE_0->VOICE_23->PITCH,,0x1F900174,,
SPU2->CORE_0->VOICE_23->ADSR1,,0x1F900176,,
SPU2->CORE_0->VOICE_23->ADSR2,,0x1F900178,,
SPU2->CORE_0->VOICE_23->ENVX,,0x1F90017A,,
SPU2->CORE_0->VOICE_23->VOLXL,,0x1F90017C,,
SPU2->CORE_0->VOICE_23->VOLXR,,0x1F90017E,,
SPU2->CORE_0->PMON0,,0x1F900180,,
SPU2->CORE_0->PMON1,,0x1F900182,,
SPU2->CORE_0->NON0,,0x1F900184,,
SPU2->CORE_0->NON1,,0x1F900186,,
SPU2->CORE_0->VMIXL0,,0x1F900188,,
SPU2->CORE_0->VMIXL1,,0x1F90018A,,
SPU2->CORE_0->VMIXEL0,,0x1F90018C,,
SPU2->CORE_0->VMIXEL1,,0x1F90018E,,
SPU2->CORE_0->VMIXR0,,0x1F900190,,
SPU2->CORE_0->VMIXR1,,0x1F900192,,
SPU2->CORE_0->VMIXER0,,0x1F900194,,
SPU2->CORE_0->VMIXER1,,0x1F900196,,
SPU2->CORE_0->MMIX,,0x1F900198,,
SPU2->CORE_0->ATTR,,0x1F90019A,,
SPU2->CORE_0->IRQAH,,0x1F90019C,,
SPU2->CORE_0->IRQAL,,0x1F90019E,,
SPU2->CORE_0->KON0,,0x1F9001A0,,
SPU2->CORE_0->KON1,,0x1F9001A2,,
SPU2->CORE_0->KOF0,,0x1F9001A4,,
SPU2->CORE_0->KOF1,,0x1F9001A6,,
SPU2->CORE_0->TSAH,,0x1F9001A8,,
SPU2->CORE_0->TSAL,,0x1F9001AA,,
SPU2->CORE_0->DATA0,,0x1F9001AC,,
SPU2->CORE_0->DATA1,,0x1F9001AE,,
SPU2->CORE_0->ADMAS,,0x1F9001B0,,
SPU2->CORE_0->VOICE_0->SSAH,,0x1F9001C0,,
SPU2->CORE_0->VOICE_0->SSAL,,0x1F9001C2,,
SPU2->CORE_0->VOICE_0->LSAXH,,0x1F9001C4,,
SPU2->CORE_0->VOICE_0->LSAXL,,0x1F9001C6,,
SPU2->CORE_0->VOICE_0->NAXH,,0x1F9001C8,,
SPU2->CORE_0->VOICE_0->NAXL,,0x1F9001CA,,
SPU2->CORE_0->VOICE_1->SSAH,,0x1F9001CC,,
SPU2->CORE_0->VOICE_1->SSAL,,0x1F9001CE,,
SPU2->CORE_0->VOICE_1->LSAXH,,0x1F9001D0,,
SPU2->CORE_0->VOICE_1->LSAXL,,0x1F9001D2,,
SPU2->CORE_0->VOICE_1->NAXH,,0x1F9001D4,,
SPU2->CORE_0->VOICE_1->NAXL,,0x1F9001D6,,
SPU2->CORE_0->VOICE_2->SSAH,,0x1F9001D8,,
SPU2->CORE_0->VOICE_2->SSAL,,0x1F9001DA,,
SPU2->CORE_0->VOICE_2->LSAXH,,0x1F9001DC,,
SPU2->CORE_0->VOICE_2->LSAXL,,0x1F9001DE,,
SPU2->CORE_0->VOICE_2->NAXH,,0x1F9001E0,,
SPU2->CORE_0->VOICE_2->NAXL,,0x1F9001E2,,
SPU2->CORE_0->VOICE_3->SSAH,,0x1F9001E4,,
SPU2->CORE_0->VOICE_3->SSAL,,0x1F9001E6,,
SPU2->CORE_0->VOICE_3->LSAXH,,0x1F9001E8,,
SPU2->CORE_0->VOICE_3->LSAXL,,0x1F9001EA,,
SPU2->CORE_0->VOICE_3->NAXH,,0x1F9001EC,,
SPU2->CORE_0->VOICE_3->NAXL,,0x1F9001EE,,
SPU2->CORE_0->VOICE_4->SSAH,,0x1F9001F0,,
SPU2->CORE_0->VOICE_4->SSAL,,0x1F9001F2,,
SPU2->CORE_0->VOICE_4->LSAXH,,0x1F9001F4,,
SPU2->CORE_0->VOICE_4->LSAXL,,0x1F9001F6,,
SPU2->CORE_0->VOICE_4->NAXH,,0x1F9001F8,,
SPU2->CORE_0->VOICE_4->NAXL,,0x1F9001FA,,
SPU2->CORE_0->VOICE_5->SSAH,,0x1F9001FC,,
SPU2->CORE_0->VOICE_5->SSAL,,0x1F9001FE,,
SPU2->CORE_0->VOICE_5->LSAXH,,0x1F900200,,
SPU2->CORE_0->VOICE_5->LSAXL,,0x1F900202,,
SPU2->CORE_0->VOICE_5->NAXH,,0x1F900204,,
SPU2->CORE_0->VOICE_5->NAXL,,0x1F900206,,
SPU2->CORE_0->VOICE_6->SSAH,,0x1F900208,,
SPU2->CORE_0->VOICE_6->SSAL,,0x1F90020A,,
SPU2->CORE_0->VOICE_6->LSAXH,,0x1F90020C,,
SPU2->CORE_0->VOICE_6->LSAXL,,0x1F90020E,,
SPU2->CORE_0->VOICE_6->NAXH,,0x1F900210,,
SPU2->CORE_0->VOICE_6->NAXL,,0x1F900212,,
SPU2->CORE_0->VOICE_7->SSAH,,0x1F900214,,
SPU2->CORE_0->VOICE_7->SSAL,,0x1F900216,,
SPU2->CORE_0->VOICE_7->LSAXH,,0x1F900218,,
SPU2->CORE_0->VOICE_7->LSAXL,,0x1F90021A,,
SPU2->CORE_0->VOICE_7->NAXH,,0x1F90021C,,
SPU2->CORE_0->VOICE_7->NAXL,,0x1F90021E,,
SPU2->CORE_0->VOICE_8->SSAH,,0x1F900220,,
SPU2->CORE_0->VOICE_8->SSAL,,0x1F900222,,
SPU2->CORE_0->VOICE_8->LSAXH,,0x1F900224,,
SPU2->CORE_0->VOICE_8->LSAXL,,0x1F900226,,
SPU2->CORE_0->VOICE_8->NAXH,,0x1F900228,,
SPU2->CORE_0->VOICE_8->NAXL,,0x1F90022A,,
SPU2->CORE_0->VOICE_9->SSAH,,0x1F90022C,,
SPU2->CORE_0->VOICE_9->SSAL,,0x1F90022E,,
SPU2->CORE_0->VOICE_9->LSAXH,,0x1F900230,,
SPU2->CORE_0->VOICE_9->LSAXL,,0x1F900232,,
SPU2->CORE_0->VOICE_9->NAXH,,0x1F900234,,
SPU2->CORE_0->VOICE_9->NAXL,,0x1F900236,,
SPU2->CORE_0->VOICE_10->SSAH,,0x1F900238,,
SPU2->CORE_0->VOICE_10->SSAL,,0x1F90023A,,
SPU2->CORE_0->VOICE_10->LSAXH,,0x1F90023C,,
SPU2->CORE_0->VOICE_10->LSAXL,,0x1F90023E,,
SPU2->CORE_0->VOICE_10->NAXH,,0x1F900240,,
SPU2->CORE_0->VOICE_10->NAXL,,0x1F900242,,
SPU2->CORE_0->VOICE_11->SSAH,,0x1F900244,,
SPU2->CORE_0->VOICE_11->SSAL,,0x1F900246,,
SPU2->CORE_0->VOICE_11->LSAXH,,0x1F900248,,
SPU2->CORE_0->VOICE_11->LSAXL,,0x1F90024A,,
SPU2->CORE_0->VOICE_11->NAXH,,0x1F90024C,,
SPU2->CORE_0->VOICE_11->NAXL,,0x1F90024E,,
SPU2->CORE_0->VOICE_12->SSAH,,0x1F900250,,
SPU2->CORE_0->VOICE_12->SSAL,,0x1F900252,,
SPU2->CORE_0->VOICE_12->LSAXH,,0x1F900254,,
SPU2->CORE_0->VOICE_12->LSAXL,,0x1F900256,,
SPU2->CORE_0->VOICE_12->NAXH,,0x1F900258,,
SPU2->CORE_0->VOICE_12->NAXL,,0x1F90025A,,
SPU2->CORE_0->VOICE_13->SSAH,,0x1F90025C,,
SPU2->CORE_0->VOICE_13->SSAL,,0x1F90025E,,
SPU2->CORE_0->VOICE_13->LSAXH,,0x1F900260,,
SPU2->CORE_0->VOICE_13->LSAXL,,0x1F900262,,
SPU2->CORE_0->VOICE_13->NAXH,,0x1F900264,,
SPU2->CORE_0->VOICE_13->NAXL,,0x1F900266,,
SPU2->CORE_0->VOICE_14->SSAH,,0x1F900268,,
SPU2->CORE_0->VOICE_14->SSAL,,0x1F90026A,,
SPU2->CORE_0->VOICE_14->LSAXH,,0x1F90026C,,
SPU2->CORE_0->VOICE_14->LSAXL,,0x1F90026E,,
SPU2->CORE_0->VOICE_14->NAXH,,0x1F900270,,
SPU2->CORE_0->VOICE_14->NAXL,,0x1F900272,,
SPU2->CORE_0->VOICE_15->SSAH,,0x1F900274,,
SPU2->CORE_0->VOICE_15->SSAL,,0x1F900276,,
SPU2->CORE_0->VOICE_15->LSAXH,,0x1F900278,,
SPU2->CORE_0->VOICE_15->LSAXL,,0x1F90027A,,
SPU2->CORE_0->VOICE_15->NAXH,,0x1F90027C,,
SPU2->CORE_0->VOICE_15->NAXL,,0x1F90027E,,
SPU2->CORE_0->VOICE_16->SSAH,,0x1F900280,,
SPU2->CORE_0->VOICE_16->SSAL,,0x1F900282,,
SPU2->CORE_0->VOICE_16->LSAXH,,0x1F900284,,
SPU2->CORE_0->VOICE_16->LSAXL,,0x1F900286,,
SPU2->CORE_0->VOICE_16->NAXH,,0x1F900288,,
SPU2->CORE_0->VOICE_16->NAXL,,0x1F90028A,,
SPU2->CORE_0->VOICE_17->SSAH,,0x1F90028C,,
SPU2->CORE_0->VOICE_17->SSAL,,0x1F90028E,,
SPU2->CORE_0->VOICE_17->LSAXH,,0x1F900290,,
SPU2->CORE_0->VOICE_17->LSAXL,,0x1F900292,,
SPU2->CORE_0->VOICE_17->NAXH,,0x1F900294,,
SPU2->CORE_0->VOICE_17->NAXL,,0x1F900296,,
SPU2->CORE_0->VOICE_18->SSAH,,0x1F900298,,
SPU2->CORE_0->VOICE_18->SSAL,,0x1F90029A,,
SPU2->CORE_0->VOICE_18->LSAXH,,0x1F90029C,,
SPU2->CORE_0->VOICE_18->LSAXL,,0x1F90029E,,
SPU2->CORE_0->VOICE_18->NAXH,,0x1F9002A0,,
SPU2->CORE_0->VOICE_18->NAXL,,0x1F9002A2,,
SPU2->CORE_0->VOICE_19->SSAH,,0x1F9002A4,,
SPU2->CORE_0->VOICE_19->SSAL,,0x1F9002A6,,
SPU2->CORE_0->VOICE_19->LSAXH,,0x1F9002A8,,
SPU2->CORE_0->VOICE_19->LSAXL,,0x1F9002AA,,
SPU2->CORE_0->VOICE_19->NAXH,,0x1F9002AC,,
SPU2->CORE_0->VOICE_19->NAXL,,0x1F9002AE,,
SPU2->CORE_0->VOICE_20->SSAH,,0x1F9002B0,,
SPU2->CORE_0->VOICE_20->SSAL,,0x1F9002B2,,
SPU2->CORE_0->VOICE_20->LSAXH,,0x1F9002B4,,
SPU2->CORE_0->VOICE_20->LSAXL,,0x1F9002B6,,
SPU2->CORE_0->VOICE_20->NAXH,,0x1F9002B8,,
SPU2->CORE_0->VOICE_20->NAXL,,0x1F9002BA,,
SPU2->CORE_0->VOICE_21->SSAH,,0x1F9002BC,,
SPU2->CORE_0->VOICE_21->SSAL,,0x1F9002BE,,
SPU2->CORE_0->VOICE_21->LSAXH,,0x1F9002C0,,
SPU2->CORE_0->VOICE_21->LSAXL,,0x1F9002C2,,
SPU2->CORE_0->VOICE_21->NAXH,,0x1F9002C4,,
SPU2->CORE_0->VOICE_21->NAXL,,0x1F9002C6,,
SPU2->CORE_0->VOICE_22->SSAH,,0x1F9002C8,,
SPU2->CORE_0->VOICE_22->SSAL,,0x1F9002CA,,
SPU2->CORE_0->VOICE_22->LSAXH,,0x1F9002CC,,
SPU2->CORE_0->VOICE_22->LSAXL,,0x1F9002CE,,
SPU2->CORE_0->VOICE_22->NAXH,,0x1F9002D0,,
SPU2->CORE_0->VOICE_22->NAXL,,0x1F9002D2,,
SPU2->CORE_0->VOICE_23->SSAH,,0x1F9002D4,,
SPU2->CORE_0->VOICE_23->SSAL,,0x1F9002D6,,
SPU2->CORE_0->VOICE_23->LSAXH,,0x1F9002D8,,
SPU2->CORE_0->VOICE_23->LSAXL,,0x1F9002DA,,
SPU2->CORE_0->VOICE_23->NAXH,,0x1F9002DC,,
SPU2->CORE_0->VOICE_23->NAXL,,0x1F9002DE,,
SPU2->CORE_0->ESAH,,0x1F9002E0,,
SPU2->CORE_0->ESAL,,0x1F9002E2,,
SPU2->CORE_0->APF1_SIZEH,,0x1F9002E4,,
SPU2->CORE_0->APF1_SIZEL,,0x1F9002E6,,
SPU2->CORE_0->APF2_SIZEH,,0x1F9002E8,,
SPU2->CORE_0->APF2_SIZEL,,0x1F9002EA,,
SPU2->CORE_0->SAME_L_DSTH,,0x1F9002EC,,
SPU2->CORE_0->SAME_L_DSTL,,0x1F9002EE,,
SPU2->CORE_0->SAME_R_DSTH,,0x1F9002F0,,
SPU2->CORE_0->SAME_R_DSTL,,0x1F9002F2,,
SPU2->CORE_0->COMB1_L_SRCH,,0x1F9002F4,,
SPU2->CORE_0->COMB1_L_SRCL,,0x1F9002F6,,
SPU2->CORE_0->COMB1_R_SRCH,,0x1F9002F8,,
SPU2->CORE_0->COMB1_R_SRCL,,0x1F9002FA,,
SPU2->CORE_0->COMB2_L_SRCH,,0x1F9002FC,,
SPU2->CORE_0->COMB2_L_SRCL,,0x1F9002FE,,
SPU2->CORE_0->COMB2_R_SRCH,,0x1F900300,,
SPU2->CORE_0->COMB2_R_SRCL,,0x1F900302,,
SPU2->CORE_0->SAME_L_SRCH,,0x1F900304,,
SPU2->CORE_0->SAME_L_SRCL,,0x1F900306,,
SPU2->CORE_0->SAME_R_SRCH,,0x1F900308,,
SPU2->CORE_0->SAME_R_SRCL,,0x1F90030A,,
SPU2->CORE_0->DIFF_L_DSTH,,0x1F90030C,,
SPU2->CORE_0->DIFF_L_DSTL,,0x1F90030E,,
SPU2->CORE_0->DIFF_R_DSTH,,0x1F900310,,
SPU2->CORE_0->DIFF_R_DSTL,,0x1F900312,,
SPU2->CORE_0->COMB3_L_SRCH,,0x1F900314,,
SPU2->CORE_0->COMB3_L_SRCL,,0x1F900316,,
SPU2->CORE_0->COMB3_R_SRCH,,0x1F900318,,
SPU2->CORE_0->COMB3_R_SRCL,,0x1F90031A,,
SPU2->CORE_0->COMB4_L_SRCH,,0x1F90031C,,
SPU2->CORE_0->COMB4_L_SRCL,,0x1F90031E,,
SPU2->CORE_0->COMB4_R_SRCH,,0x1F900320,,
SPU2->CORE_0->COMB4_R_SRCL,,0x1F900322,,
SPU2->CORE_0->DIFF_L_SRCH,,0x1F900324,,
SPU2->CORE_0->DIFF_L_SRCL,,0x1F900326,,
SPU2->CORE_0->DIFF_R_SRCH,,0x1F900328,,
SPU2->CORE_0->DIFF_R_SRCL,,0x1F90032A,,
SPU2->CORE_0->APF1_L_DSTH,,0x1F90032C,,
SPU2->CORE_0->APF1_L_DSTL,,0x1F90032E,,
SPU2->CORE_0->APF1_R_DSTH,,0x1F900330,,
SPU2->CORE_0->APF1_R_DSTL,,0x1F900332,,
SPU2->CORE_0->APF2_L_DSTH,,0x1F900334,,
SPU2->CORE_0->APF2_L_DSTL,,0x1F900336,,
SPU2->CORE_0->APF2_R_DSTH,,0x1F900338,,
SPU2->CORE_0->APF2_R_DSTL,,0x1F90033A,,
SPU2->CORE_0->EEAH,,0x1F90033C,,
SPU2->CORE_0->EEAL,,0x1F90033E,,
SPU2->CORE_0->ENDX0,,0x1F900340,,
SPU2->CORE_0->ENDX1,,0x1F900342,,
SPU2->CORE_0->STATX,,0x1F900344,,
SPU2->CORE_0->MEMORY_0346,,0x1F900B46,,
SPU2->CORE_1->VOICE_0->VOLL,,0x1F900400,,
SPU2->CORE_1->VOICE_0->VOLR,,0x1F900402,,
SPU2->CORE_1->VOICE_0->PITCH,,0x1F900404,,
SPU2->CORE_1->VOICE_0->ADSR1,,0x1F900406,,
SPU2->CORE_1->VOICE_0->ADSR2,,0x1F900408,,
SPU2->CORE_1->VOICE_0->ENVX,,0x1F90040A,,
SPU2->CORE_1->VOICE_0->VOLXL,,0x1F90040C,,
SPU2->CORE_1->VOICE_0->VOLXR,,0x1F90040E,,
SPU2->CORE_1->VOICE_1->VOLL,,0x1F900410,,
SPU2->CORE_1->VOICE_1->VOLR,,0x1F900412,,
SPU2->CORE_1->VOICE_1->PITCH,,0x1F900414,,
SPU2->CORE_1->VOICE_1->ADSR1,,0x1F900416,,
SPU2->CORE_1->VOICE_1->ADSR2,,0x1F900418,,
SPU2->CORE_1->VOICE_1->ENVX,,0x1F90041A,,
SPU2->CORE_1->VOICE_1->VOLXL,,0x1F90041C,,
SPU2->CORE_1->VOICE_1->VOLXR,,0x1F90041E,,
SPU2->CORE_1->VOICE_2->VOLL,,0x1F900420,,
SPU2->CORE_1->VOICE_2->VOLR,,0x1F900422,,
SPU2->CORE_1->VOICE_2->PITCH,,0x1F900424,,
SPU2->CORE_1->VOICE_2->ADSR1,,0x1F900426,,
SPU2->CORE_1->VOICE_2->ADSR2,,0x1F900428,,
SPU2->CORE_1->VOICE_2->ENVX,,0x1F90042A,,
SPU2->CORE_1->VOICE_2->VOLXL,,0x1F90042C,,
SPU2->CORE_1->VOICE_2->VOLXR,,0x1F90042E,,
SPU2->CORE_1->VOICE_3->VOLL,,0x1F900430,,
SPU2->CORE_1->VOICE_3->VOLR,,0x1F900432,,
SPU2->CORE_1->VOICE_3->PITCH,,0x1F900434,,
SPU2->CORE_1->VOICE_3->ADSR1,,0x1F900436,,
SPU2->CORE_1->VOICE_3->ADSR2,,0x1F900438,,
SPU2->CORE_1->VOICE_3->ENVX,,0x1F90043A,,
SPU2->CORE_1->VOICE_3->VOLXL,,0x1F90043C,,
SPU2->CORE_1->VOICE_3->VOLXR,,0x1F90043E,,
SPU2->CORE_1->VOICE_4->VOLL,,0x1F900440,,
SPU2->CORE_1->VOICE_4->VOLR,,0x1F900442,,
SPU2->CORE_1->VOICE_4->PITCH,,0x1F900444,,
SPU2->CORE_1->VOICE_4->ADSR1,,0x1F900446,,
SPU2->CORE_1->VOICE_4->ADSR2,,0x1F900448,,
SPU2->CORE_1->VOICE_4->ENVX,,0x1F90044A,,
SPU2->CORE_1->VOICE_4->VOLXL,,0x1F90044C,,
SPU2->CORE_1->VOICE_4->VOLXR,,0x1F90044E,,
SPU2->CORE_1->VOICE_5->VOLL,,0x1F900450,,
SPU2->CORE_1->VOICE_5->VOLR,,0x1F900452,,
SPU2->CORE_1->VOICE_5->PITCH,,0x1F900454,,
SPU2->CORE_1->VOICE_5->ADSR1,,0x1F900456,,
SPU2->CORE_1->VOICE_5->ADSR2,,0x1F900458,,
SPU2->CORE_1->VOICE_5->ENVX,,0x1F90045A,,
SPU2->CORE_1->VOICE_5->VOLXL,,0x1F90045C,,
SPU2->CORE_1->VOICE_5->VOLXR,,0x1F90045E,,
SPU2->CORE_1->VOICE_6->VOLL,,0x1F900460,,
SPU2->CORE_1->VOICE_6->VOLR,,0x1F900462,,
SPU2->CORE_1->VOICE_6->PITCH,,0x1F900464,,
SPU2->CORE_1->VOICE_6->ADSR1,,0x1F900466,,
SPU2->CORE_1->VOICE_6->ADSR2,,0x1F900468,,
SPU2->CORE_1->VOICE_6->ENVX,,0x1F90046A,,
SPU2->CORE_1->VOICE_6->VOLXL,,0x1F90046C,,
SPU2->CORE_1->VOICE_6->VOLXR,,0x1F90046E,,
SPU2->CORE_1->VOICE_7->VOLL,,0x1F900470,,
SPU2->CORE_1->VOICE_7->VOLR,,0x1F900472,,
SPU2->CORE_1->VOICE_7->PITCH,,0x1F900474,,
SPU2->CORE_1->VOICE_7->ADSR1,,0x1F900476,,
SPU2->CORE_1->VOICE_7->ADSR2,,0x1F900478,,
SPU2->CORE_1->VOICE_7->ENVX,,0x1F90047A,,
SPU2->CORE_1->VOICE_7->VOLXL,,0x1F90047C,,
SPU2->CORE_1->VOICE_7->VOLXR,,0x1F90047E,,
SPU2->CORE_1->VOICE_8->VOLL,,0x1F900480,,
SPU2->CORE_1->VOICE_8->VOLR,,0x1F900482,,
SPU2->CORE_1->VOICE_8->PITCH,,0x1F900484,,
SPU2->CORE_1->VOICE_8->ADSR1,,0x1F900486,,
SPU2->CORE_1->VOICE_8->ADSR2,,0x1F900488,,
SPU2->CORE_1->VOICE_8->ENVX,,0x1F90048A,,
SPU2->CORE_1->VOICE_8->VOLXL,,0x1F90048C,,
SPU2->CORE_1->VOICE_8->VOLXR,,0x1F90048E,,
SPU2->CORE_1->VOICE_9->VOLL,,0x1F900490,,
SPU2->CORE_1->VOICE_9->VOLR,,0x1F900492,,
SPU2->CORE_1->VOICE_9->PITCH,,0x1F900494,,
SPU2->CORE_1->VOICE_9->ADSR1,,0x1F900496,,
SPU2->CORE_1->VOICE_9->ADSR2,,0x1F900498,,
SPU2->CORE_1->VOICE_9->ENVX,,0x1F90049A,,
SPU2->CORE_1->VOICE_9->VOLXL,,0x1F90049C,,
SPU2->CORE_1->VOICE_9->VOLXR,,0x1F90049E,,
SPU2->CORE_1->VOICE_10->VOLL,,0x1F9004A0,,
SPU2->CORE_1->VOICE_10->VOLR,,0x1F9004A2,,
SPU2->CORE_1->VOICE_10->PITCH,,0x1F9004A4,,
SPU2->CORE_1->VOICE_10->ADSR1,,0x1F9004A6,,
SPU2->CORE_1->VOICE_10->ADSR2,,0x1F9004A8,,
SPU2->CORE_1->VOICE_10->ENVX,,0x1F9004AA,,
SPU2->CORE_1->VOICE_10->VOLXL,,0x1F9004AC,,
SPU2->CORE_1->VOICE_10->VOLXR,,0x1F9004AE,,
SPU2->CORE_1->VOICE_11->VOLL,,0x1F9004B0,,
SPU2->CORE_1->VOICE_11->VOLR,,0x1F9004B2,,
SPU2->CORE_1->VOICE_11->PITCH,,0x1F9004B4,,
SPU2->CORE_1->VOICE_11->ADSR1,,0x1F9004B6,,
SPU2->CORE_1->VOICE_11->ADSR2,,0x1F9004B8,,
SPU2->CORE_1->VOICE_11->ENVX,,0x1F9004BA,,
SPU2->CORE_1->VOICE_11->VOLXL,,0x1F9004BC,,
SPU2->CORE_1->VOICE_11->VOLXR,,0x1F9004BE,,
SPU2->CORE_1->VOICE_12->VOLL,,0x1F9004C0,,
SPU2->CORE_1->VOICE_12->VOLR,,0x1F9004C2,,
SPU2->CORE_1->VOICE_12->PITCH,,0x1F9004C4,,
SPU2->CORE_1->VOICE_12->ADSR1,,0x1F9004C6,,
SPU2->CORE_1->VOICE_12->ADSR2,,0x1F9004C8,,
SPU2->CORE_1->VOICE_12->ENVX,,0x1F9004CA,,
SPU2->CORE_1->VOICE_12->VOLXL,,0x1F9004CC,,
SPU2->CORE_1->VOICE_12->VOLXR,,0x1F9004CE,,
SPU2->CORE_1->VOICE_13->VOLL,,0x1F9004D0,,
SPU2->CORE_1->VOICE_13->VOLR,,0x1F9004D2,,
SPU2->CORE_1->VOICE_13->PITCH,,0x1F9004D4,,
SPU2->CORE_1->VOICE_13->ADSR1,,0x1F9004D6,,
SPU2->CORE_1->VOICE_13->ADSR2,,0x1F9004D8,,
SPU2->CORE_1->VOICE_13->ENVX,,0x1F9004DA,,
SPU2->CORE_1->VOICE_13->VOLXL,,0x1F9004DC,,
SPU2->CORE_1->VOICE_13->VOLXR,,0x1F9004DE,,
SPU2->CORE_1->VOICE_14->VOLL,,0x1F9004E0,,
SPU2->CORE_1->VOICE_14->VOLR,,0x1F9004E2,,
SPU2->CORE_1->VOICE_14->PITCH,,0x1F9004E4,,
SPU2->CORE_1->VOICE_14->ADSR1,,0x1F9004E6,,
SPU2->CORE_1->VOICE_14->ADSR2,,0x1F9004E8,,
SPU2->CORE_1->VOICE_14->ENVX,,0x1F9004EA,,
SPU2->CORE_1->VOICE_14->VOLXL,,0x1F9004EC,,
SPU2->CORE_1->VOICE_14->VOLXR,,0x1F9004EE,,
SPU2->CORE_1->VOICE_15->VOLL,,0x1F9004F0,,
SPU2->CORE_1->VOICE_15->VOLR,,0x1F9004F2,,
SPU2->CORE_1->VOICE_15->PITCH,,0x1F9004F4,,
SPU2->CORE_1->VOICE_15->ADSR1,,0x1F9004F6,,
SPU2->CORE_1->VOICE_15->ADSR2,,0x1F9004F8,,
SPU2->CORE_1->VOICE_15->ENVX,,0x1F9004FA,,
SPU2->CORE_1->VOICE_15->VOLXL,,0x1F9004FC,,
SPU2->CORE_1->VOICE_15->VOLXR,,0x1F9004FE,,
SPU2->CORE_1->VOICE_16->VOLL,,0x1F900500,,
SPU2->CORE_1->VOICE_16->VOLR,,0x1F900502,,
SPU2->CORE_1->VOICE_16->PITCH,,0x1F900504,,
SPU2->CORE_1->VOICE_16->ADSR1,,0x1F900506,,
SPU2->CORE_1->VOICE_16->ADSR2,,0x1F900508,,
SPU2->CORE_1->VOICE_16->ENVX,,0x1F90050A,,
SPU2->CORE_1->VOICE_16->VOLXL,,0x1F90050C,,
SPU2->CORE_1->VOICE_16->VOLXR,,0x1F90050E,,
SPU2->CORE_1->VOICE_17->VOLL,,0x1F900510,,
SPU2->CORE_1->VOICE_17->VOLR,,0x1F900512,,
SPU2->CORE_1->VOICE_17->PITCH,,0x1F900514,,
SPU2->CORE_1->VOICE_17->ADSR1,,0x1F900516,,
SPU2->CORE_1->VOICE_17->ADSR2,,0x1F900518,,
SPU2->CORE_1->VOICE_17->ENVX,,0x1F90051A,,
SPU2->CORE_1->VOICE_17->VOLXL,,0x1F90051C,,
SPU2->CORE_1->VOICE_17->VOLXR,,0x1F90051E,,
SPU2->CORE_1->VOICE_18->VOLL,,0x1F900520,,
SPU2->CORE_1->VOICE_18->VOLR,,0x1F900522,,
SPU2->CORE_1->VOICE_18->PITCH,,0x1F900524,,
SPU2->CORE_1->VOICE_18->ADSR1,,0x1F900526,,
SPU2->CORE_1->VOICE_18->ADSR2,,0x1F900528,,
SPU2->CORE_1->VOICE_18->ENVX,,0x1F90052A,,
SPU2->CORE_1->VOICE_18->VOLXL,,0x1F90052C,,
SPU2->CORE_1->VOICE_18->VOLXR,,0x1F90052E,,
SPU2->CORE_1->VOICE_19->VOLL,,0x1F900530,,
SPU2->CORE_1->VOICE_19->VOLR,,0x1F900532,,
SPU2->CORE_1->VOICE_19->PITCH,,0x1F900534,,
SPU2->CORE_1->VOICE_19->ADSR1,,0x1F900536,,
SPU2->CORE_1->VOICE_19->ADSR2,,0x1F900538,,
SPU2->CORE_1->VOICE_19->ENVX,,0x1F90053A,,
SPU2->CORE_1->VOICE_19->VOLXL,,0x1F90053C,,
SPU2->CORE_1->VOICE_19->VOLXR,,0x1F90053E,,
SPU2->CORE_1->VOICE_20->VOLL,,0x1F900540,,
SPU2->CORE_1->VOICE_20->VOLR,,0x1F900542,,
SPU2->CORE_1->VOICE_20->PITCH,,0x1F900544,,
SPU2->CORE_1->VOICE_20->ADSR1,,0x1F900546,,
SPU2->CORE_1->VOICE_20->ADSR2,,0x1F900548,,
SPU2->CORE_1->VOICE_20->ENVX,,0x1F90054A,,
SPU2->CORE_1->VOICE_20->VOLXL,,0x1F90054C,,
SPU2->CORE_1->VOICE_20->VOLXR,,0x1F90054E,,
SPU2->CORE_1->VOICE_21->VOLL,,0x1F900550,,
SPU2->CORE_1->VOICE_21->VOLR,,0x1F900552,,
SPU2->CORE_1->VOICE_21->PITCH,,0x1F900554,,
SPU2->CORE_1->VOICE_21->ADSR1,,0x1F900556,,
SPU2->CORE_1->VOICE_21->ADSR2,,0x1F900558,,
SPU2->CORE_1->VOICE_21->ENVX,,0x1F90055A,,
SPU2->CORE_1->VOICE_21->VOLXL,,0x1F90055C,,
SPU2->CORE_1->VOICE_21->VOLXR,,0x1F90055E,,
SPU2->CORE_1->VOICE_22->VOLL,,0x1F900560,,
SPU2->CORE_1->VOICE_22->VOLR,,0x1F900562,,
SPU2->CORE_1->VOICE_22->PITCH,,0x1F900564,,
SPU2->CORE_1->VOICE_22->ADSR1,,0x1F900566,,
SPU2->CORE_1->VOICE_22->ADSR2,,0x1F900568,,
SPU2->CORE_1->VOICE_22->ENVX,,0x1F90056A,,
SPU2->CORE_1->VOICE_22->VOLXL,,0x1F90056C,,
SPU2->CORE_1->VOICE_22->VOLXR,,0x1F90056E,,
SPU2->CORE_1->VOICE_23->VOLL,,0x1F900570,,
SPU2->CORE_1->VOICE_23->VOLR,,0x1F900572,,
SPU2->CORE_1->VOICE_23->PITCH,,0x1F900574,,
SPU2->CORE_1->VOICE_23->ADSR1,,0x1F900576,,
SPU2->CORE_1->VOICE_23->ADSR2,,0x1F900578,,
SPU2->CORE_1->VOICE_23->ENVX,,0x1F90057A,,
SPU2->CORE_1->VOICE_23->VOLXL,,0x1F90057C,,
SPU2->CORE_1->VOICE_23->VOLXR,,0x1F90057E,,
SPU2->CORE_1->PMON0,,0x1F900580,,
SPU2->CORE_1->PMON1,,0x1F900582,,
SPU2->CORE_1->NON0,,0x1F900584,,
SPU2->CORE_1->NON1,,0x1F900586,,
SPU2->CORE_1->VMIXL0,,0x1F900588,,
SPU2->CORE_1->VMIXL1,,0x1F90058A,,
SPU2->CORE_1->VMIXEL0,,0x1F90058C,,
SPU2->CORE_1->VMIXEL1,,0x1F90058E,,
SPU2->CORE_1->VMIXR0,,0x1F900590,,
SPU2->CORE_1->VMIXR1,,0x1F900592,,
SPU2->CORE_1->VMIXER0,,0x1F900594,,
SPU2->CORE_1->VMIXER1,,0x1F900596,,
SPU2->CORE_1->MMIX,,0x1F900598,,
SPU2->CORE_1->ATTR,,0x1F90059A,,
SPU2->CORE_1->IRQAH,,0x1F90059C,,
SPU2->CORE_1->IRQAL,,0x1F90059E,,
SPU2->CORE_1->KON0,,0x1F9005A0,,
SPU2->CORE_1->KON1,,0x1F9005A2,,
SPU2->CORE_1->KOF0,,0x1F9005A4,,
SPU2->CORE_1->KOF1,,0x1F9005A6,,
SPU2->CORE_1->TSAH,,0x1F9005A8,,
SPU2->CORE_1->TSAL,,0x1F9005AA,,
SPU2->CORE_1->DATA0,,0x1F9005AC,,
SPU2->CORE_1->DATA1,,0x1F9005AE,,
SPU2->CORE_1->ADMAS,,0x1F9005B0,,
SPU2->CORE_1->VOICE_0->SSAH,,0x1F9005C0,,
SPU2->CORE_1->VOICE_0->SSAL,,0x1F9005C2,,
SPU2->CORE_1->VOICE_0->LSAXH,,0x1F9005C4,,
SPU2->CORE_1->VOICE_0->LSAXL,,0x1F9005C6,,
SPU2->CORE_1->VOICE_0->NAXH,,0x1F9005C8,,
SPU2->CORE_1->VOICE_0->NAXL,,0x1F9005CA,,
SPU2->CORE_1->VOICE_1->SSAH,,0x1F9005CC,,
SPU2->CORE_1->VOICE_1->SSAL,,0x1F9005CE,,
SPU2->CORE_1->VOICE_1->LSAXH,,0x1F9005D0,,
SPU2->CORE_1->VOICE_1->LSAXL,,0x1F9005D2,,
SPU2->CORE_1->VOICE_1->NAXH,,0x1F9005D4,,
SPU2->CORE_1->VOICE_1->NAXL,,0x1F9005D6,,
SPU2->CORE_1->VOICE_2->SSAH,,0x1F9005D8,,
SPU2->CORE_1->VOICE_2->SSAL,,0x1F9005DA,,
SPU2->CORE_1->VOICE_2->LSAXH,,0x1F9005DC,,
SPU2->CORE_1->VOICE_2->LSAXL,,0x1F9005DE,,
SPU2->CORE_1->VOICE_2->NAXH,,0x1F9005E0,,
SPU2->CORE_1->VOICE_2->NAXL,,0x1F9005E2,,
SPU2->CORE_1->VOICE_3->SSAH,,0x1F9005E4,,
SPU2->CORE_1->VOICE_3->SSAL,,0x1F9005E6,,
SPU2->CORE_1->VOICE_3->LSAXH,,0x1F9005E8,,
SPU2->CORE_1->VOICE_3->LSAXL,,0x1F9005EA,,
SPU2->CORE_1->VOICE_3->NAXH,,0x1F9005EC,,
SPU2->CORE_1->VOICE_3->NAXL,,0x1F9005EE,,
SPU2->CORE_1->VOICE_4->SSAH,,0x1F9005F0,,
SPU2->CORE_1->VOICE_4->SSAL,,0x1F9005F2,,
SPU2->CORE_1->VOICE_4->LSAXH,,0x1F9005F4,,
SPU2->CORE_1->VOICE_4->LSAXL,,0x1F9005F6,,
SPU2->CORE_1->VOICE_4->NAXH,,0x1F9005F8,,
SPU2->CORE_1->VOICE_4->NAXL,,0x1F9005FA,,
SPU2->CORE_1->VOICE_5->SSAH,,0x1F9005FC,,
SPU2->CORE_1->VOICE_5->SSAL,,0x1F9005FE,,
SPU2->CORE_1->VOICE_5->LSAXH,,0x1F900600,,
SPU2->CORE_1->VOICE_5->LSAXL,,0x1F900602,,
SPU2->CORE_1->VOICE_5->NAXH,,0x1F900604,,
SPU2->CORE_1->VOICE_5->NAXL,,0x1F900606,,
SPU2->CORE_1->VOICE_6->SSAH,,0x1F900608,,
SPU2->CORE_1->VOICE_6->SSAL,,0x1F90060A,,
SPU2->CORE_1->VOICE_6->LSAXH,,0x1F90060C,,
SPU2->CORE_1->VOICE_6->LSAXL,,0x1F90060E,,
SPU2->CORE_1->VOICE_6->NAXH,,0x1F900610,,
SPU2->CORE_1->VOICE_6->NAXL,,0x1F900612,,
SPU2->CORE_1->VOICE_7->SSAH,,0x1F900614,,
SPU2->CORE_1->VOICE_7->SSAL,,0x1F900616,,
SPU2->CORE_1->VOICE_7->LSAXH,,0x1F900618,,
SPU2->CORE_1->VOICE_7->LSAXL,,0x1F90061A,,
SPU2->CORE_1->VOICE_7->NAXH,,0x1F90061C,,
SPU2->CORE_1->VOICE_7->NAXL,,0x1F90061E,,
SPU2->CORE_1->VOICE_8->SSAH,,0x1F900620,,
SPU2->CORE_1->VOICE_8->SSAL,,0x1F900622,,
SPU2->CORE_1->VOICE_8->LSAXH,,0x1F900624,,
SPU2->CORE_1->VOICE_8->LSAXL,,0x1F900626,,
SPU2->CORE_1->VOICE_8->NAXH,,0x1F900628,,
SPU2->CORE_1->VOICE_8->NAXL,,0x1F90062A,,
SPU2->CORE_1->VOICE_9->SSAH,,0x1F90062C,,
SPU2->CORE_1->VOICE_9->SSAL,,0x1F90062E,,
SPU2->CORE_1->VOICE_9->LSAXH,,0x1F900630,,
SPU2->CORE_1->VOICE_9->LSAXL,,0x1F900632,,
SPU2->CORE_1->VOICE_9->NAXH,,0x1F900634,,
SPU2->CORE_1->VOICE_9->NAXL,,0x1F900636,,
SPU2->CORE_1->VOICE_10->SSAH,,0x1F900638,,
SPU2->CORE_1->VOICE_10->SSAL,,0x1F90063A,,
SPU2->CORE_1->VOICE_10->LSAXH,,0x1F90063C,,
SPU2->CORE_1->VOICE_10->LSAXL,,0x1F90063E,,
SPU2->CORE_1->VOICE_10->NAXH,,0x1F900640,,
SPU2->CORE_1->VOICE_10->NAXL,,0x1F900642,,
SPU2->CORE_1->VOICE_11->SSAH,,0x1F900644,,
SPU2->CORE_1->VOICE_11->SSAL,,0x1F900646,,
SPU2->CORE_1->VOICE_11->LSAXH,,0x1F900648,,
SPU2->CORE_1->VOICE_11->LSAXL,,0x1F90064A,,
SPU2->CORE_1->VOICE_11->NAXH,,0x1F90064C,,
SPU2->CORE_1->VOICE_11->NAXL,,0x1F90064E,,
SPU2->CORE_1->VOICE_12->SSAH,,0x1F900650,,
SPU2->CORE_1->VOICE_12->SSAL,,0x1F900652,,
SPU2->CORE_1->VOICE_12->LSAXH,,0x1F900654,,
SPU2->CORE_1->VOICE_12->LSAXL,,0x1F900656,,
SPU2->CORE_1->VOICE_12->NAXH,,0x1F900658,,
SPU2->CORE_1->VOICE_12->NAXL,,0x1F90065A,,
SPU2->CORE_1->VOICE_13->SSAH,,0x1F90065C,,
SPU2->CORE_1->VOICE_13->SSAL,,0x1F90065E,,
SPU2->CORE_1->VOICE_13->LSAXH,,0x1F900660,,
SPU2->CORE_1->VOICE_13->LSAXL,,0x1F900662,,
SPU2->CORE_1->VOICE_13->NAXH,,0x1F900664,,
SPU2->CORE_1->VOICE_13->NAXL,,0x1F900666,,
SPU2->CORE_1->VOICE_14->SSAH,,0x1F900668,,
SPU2->CORE_1->VOICE_14->SSAL,,0x1F90066A,,
SPU2->CORE_1->VOICE_14->LSAXH,,0x1F90066C,,
SPU2->CORE_1->VOICE_14->LSAXL,,0x1F90066E,,
SPU2->CORE_1->VOICE_14->NAXH,,0x1F900670,,
SPU2->CORE_1->VOICE_14->NAXL,,0x1F900672,,
SPU2->CORE_1->VOICE_15->SSAH,,0x1F900674,,
SPU2->CORE_1->VOICE_15->SSAL,,0x1F900676,,
SPU2->CORE_1->VOICE_15->LSAXH,,0x1F900678,,
SPU2->CORE_1->VOICE_15->LSAXL,,0x1F90067A,,
SPU2->CORE_1->VOICE_15->NAXH,,0x1F90067C,,
SPU2->CORE_1->VOICE_15->NAXL,,0x1F90067E,,
SPU2->CORE_1->VOICE_16->SSAH,,0x1F900680,,
SPU2->CORE_1->VOICE_16->SSAL,,0x1F900682,,
SPU2->CORE_1->VOICE_16->LSAXH,,0x1F900684,,
SPU2->CORE_1->VOICE_16->LSAXL,,0x1F900686,,
SPU2->CORE_1->VOICE_16->NAXH,,0x1F900688,,
SPU2->CORE_1->VOICE_16->NAXL,,0x1F90068A,,
SPU2->CORE_1->VOICE_17->SSAH,,0x1F90068C,,
SPU2->CORE_1->VOICE_17->SSAL,,0x1F90068E,,
SPU2->CORE_1->VOICE_17->LSAXH,,0x1F900690,,
SPU2->CORE_1->VOICE_17->LSAXL,,0x1F900692,,
SPU2->CORE_1->VOICE_17->NAXH,,0x1F900694,,
SPU2->CORE_1->VOICE_17->NAXL,,0x1F900696,,
SPU2->CORE_1->VOICE_18->SSAH,,0x1F900698,,
SPU2->CORE_1->VOICE_18->SSAL,,0x1F90069A,,
SPU2->CORE_1->VOICE_18->LSAXH,,0x1F90069C,,
SPU2->CORE_1->VOICE_18->LSAXL,,0x1F90069E,,
SPU2->CORE_1->VOICE_18->NAXH,,0x1F9006A0,,
SPU2->CORE_1->VOICE_18->NAXL,,0x1F9006A2,,
SPU2->CORE_1->VOICE_19->SSAH,,0x1F9006A4,,
SPU2->CORE_1->VOICE_19->SSAL,,0x1F9006A6,,
SPU2->CORE_1->VOICE_19->LSAXH,,0x1F9006A8,,
SPU2->CORE_1->VOICE_19->LSAXL,,0x1F9006AA,,
SPU2->CORE_1->VOICE_19->NAXH,,0x1F9006AC,,
SPU2->CORE_1->VOICE_19->NAXL,,0x1F9006AE,,
SPU2->CORE_1->VOICE_20->SSAH,,0x1F9006B0,,
SPU2->CORE_1->VOICE_20->SSAL,,0x1F9006B2,,
SPU2->CORE_1->VOICE_20->LSAXH,,0x1F9006B4,,
SPU2->CORE_1->VOICE_20->LSAXL,,0x1F9006B6,,
SPU2->CORE_1->VOICE_20->NAXH,,0x1F9006B8,,
SPU2->CORE_1->VOICE_20->NAXL,,0x1F9006BA,,
SPU2->CORE_1->VOICE_21->SSAH,,0x1F9006BC,,
SPU2->CORE_1->VOICE_21->SSAL,,0x1F9006BE,,
SPU2->CORE_1->VOICE_21->LSAXH,,0x1F9006C0,,
SPU2->CORE_1->VOICE_21->LSAXL,,0x1F9006C2,,
SPU2->CORE_1->VOICE_21->NAXH,,0x1F9006C4,,
SPU2->CORE_1->VOICE_21->NAXL,,0x1F9006C6,,
SPU2->CORE_1->VOICE_22->SSAH,,0x1F9006C8,,
SPU2->CORE_1->VOICE_22->SSAL,,0x1F9006CA,,
SPU2->CORE_1->VOICE_22->LSAXH,,0x1F9006CC,,
SPU2->CORE_1->VOICE_22->LSAXL,,0x1F9006CE,,
SPU2->CORE_1->VOICE_22->NAXH,,0x1F9006D0,,
SPU2->CORE_1->VOICE_22->NAXL,,0x1F9006D2,,
SPU2->CORE_1->VOICE_23->SSAH,,0x1F9006D4,,
SPU2->CORE_1->VOICE_23->SSAL,,0x1F9006D6,,
SPU2->CORE_1->VOICE_23->LSAXH,,0x1F9006D8,,
SPU2->CORE_1->VOICE_23->LSAXL,,0x1F9006DA,,
SPU2->CORE_1->VOICE_23->NAXH,,0x1F9006DC,,
SPU2->CORE_1->VOICE_23->NAXL,,0x1F9006DE,,
SPU2->CORE_1->ESAH,,0x1F9006E0,,
SPU2->CORE_1->ESAL,,0x1F9006E2,,
SPU2->CORE_1->APF1_SIZEH,,0x1F9006E4,,
SPU2->CORE_1->APF1_SIZEL,,0x1F9006E6,,
SPU2->CORE_1->APF2_SIZEH,,0x1F9006E8,,
SPU2->CORE_1->APF2_SIZEL,,0x1F9006EA,,
SPU2->CORE_1->SAME_L_DSTH,,0x1F9006EC,,
SPU2->CORE_1->SAME_L_DSTL,,0x1F9006EE,,
SPU2->CORE_1->SAME_R_DSTH,,0x1F9006F0,,
SPU2->CORE_1->SAME_R_DSTL,,0x1F9006F2,,
SPU2->CORE_1->COMB1_L_SRCH,,0x1F9006F4,,
SPU2->CORE_1->COMB1_L_SRCL,,0x1F9006F6,,
SPU2->CORE_1->COMB1_R_SRCH,,0x1F9006F8,,
SPU2->CORE_1->COMB1_R_SRCL,,0x1F9006FA,,
SPU2->CORE_1->COMB2_L_SRCH,,0x1F9006FC,,
SPU2->CORE_1->COMB2_L_SRCL,,0x1F9006FE,,
SPU2->CORE_1->COMB2_R_SRCH,,0x1F900700,,
SPU2->CORE_1->COMB2_R_SRCL,,0x1F900702,,
SPU2->CORE_1->SAME_L_SRCH,,0x1F900704,,
SPU2->CORE_1->SAME_L_SRCL,,0x1F900706,,
SPU2->CORE_1->SAME_R_SRCH,,0x1F900708,,
SPU2->CORE_1->SAME_R_SRCL,,0x1F90070A,,
SPU2->CORE_1->DIFF_L_DSTH,,0x1F90070C,,
SPU2->CORE_1->DIFF_L_DSTL,,0x1F90070E,,
SPU2->CORE_1->DIFF_R_DSTH,,0x1F900710,,
SPU2->CORE_1->DIFF_R_DSTL,,0x1F900712,,
SPU2->CORE_1->COMB3_L_SRCH,,0x1F900714,,
SPU2->CORE_1->COMB3_L_SRCL,,0x1F900716,,
SPU2->CORE_1->COMB3_R_SRCH,,0x1F900718,,
SPU2->CORE_1->COMB3_R_SRCL,,0x1F90071A,,
SPU2->CORE_1->COMB4_L_SRCH,,0x1F90071C,,
SPU2->CORE_1->COMB4_L_SRCL,,0x1F90071E,,
SPU2->CORE_1->COMB4_R_SRCH,,0x1F900720,,
SPU2->CORE_1->COMB4_R_SRCL,,0x1F900722,,
SPU2->CORE_1->DIFF_L_SRCH,,0x1F900724,,
SPU2->CORE_1->DIFF_L_SRCL,,0x1F900726,,
SPU2->CORE_1->DIFF_R_SRCH,,0x1F900728,,
SPU2->CORE_1->DIFF_R_SRCL,,0x1F90072A,,
SPU2->CORE_1->APF1_L_DSTH,,0x1F90072C,,
SPU2->CORE_1->APF1_L_DSTL,,0x1F90072E,,
SPU2->CORE_1->APF1_R_DSTH,,0x1F900730,,
SPU2->CORE_1->APF1_R_DSTL,,0x1F900732,,
SPU2->CORE_1->APF2_L_DSTH,,0x1F900734,,
SPU2->CORE_1->APF2_L_DSTL,,0x1F900736,,
SPU2->CORE_1->APF2_R_DSTH,,0x1F900738,,
SPU2->CORE_1->APF2_R_DSTL,,0x1F90073A,,
SPU2->CORE_1->EEAH,,0x1F90073C,,
SPU2->CORE_1->EEAL,,0x1F90073E,,
SPU2->CORE_1->ENDX0,,0x1F900740,,
SPU2->CORE_1->ENDX1,,0x1F900742,,
SPU2->CORE_1->STATX,,0x1F900744,,
SPU2->CORE_0->MVOLL,,0x1F900760,,
SPU2->CORE_0->MVOLR,,0x1F900762,,
SPU2->CORE_0->EVOLL,,0x1F900764,,
SPU2->CORE_0->EVOLR,,0x1F900766,,
SPU2->CORE_0->AVOLL,,0x1F900768,,
SPU2->CORE_0->AVOLR,,0x1F90076A,,
SPU2->CORE_0->BVOLL,,0x1F90076C,,
SPU2->CORE_0->BVOLR,,0x1F90076E,,
SPU2->CORE_0->MVOLXL,,0x1F900770,,
SPU2->CORE_0->MVOLXR,,0x1F900772,,
SPU2->CORE_0->IIR_VOL,,0x1F900774,,
SPU2->CORE_0->COMB1_VOL,,0x1F900776,,
SPU2->CORE_0->COMB2_VOL,,0x1F900778,,
SPU2->CORE_0->COMB3_VOL,,0x1F90077A,,
SPU2->CORE_0->COMB4_VOL,,0x1F90077C,,
SPU2->CORE_0->WALL_VOL,,0x1F90077E,,
SPU2->CORE_0->APF1_VOL,,0x1F900780,,
SPU2->CORE_0->APF2_VOL,,0x1F900782,,
SPU2->CORE_0->IN_COEF_L,,0x1F900784,,
SPU2->CORE_0->IN_COEF_R,,0x1F900786,,
SPU2->CORE_1->MVOLL,,0x1F900788,,
SPU2->CORE_1->MVOLR,,0x1F90078A,,
SPU2->CORE_1->EVOLL,,0x1F90078C,,
SPU2->CORE_1->EVOLR,,0x1F90078E,,
SPU2->CORE_1->AVOLL,,0x1F900790,,
SPU2->CORE_1->AVOLR,,0x1F900792,,
SPU2->CORE_1->BVOLL,,0x1F900794,,
SPU2->CORE_1->BVOLR,,0x1F900796,,
SPU2->CORE_1->MVOLXL,,0x1F900798,,
SPU2->CORE_1->MVOLXR,,0x1F90079A,,
SPU2->CORE_1->IIR_VOL,,0x1F90079C,,
SPU2->CORE_1->COMB1_VOL,,0x1F90079E,,
SPU2->CORE_1->COMB2_VOL,,0x1F9007A0,,
SPU2->CORE_1->COMB3_VOL,,0x1F9007A2,,
SPU2->CORE_1->COMB4_VOL,,0x1F9007A4,,
SPU2->CORE_1->WALL_VOL,,0x1F9007A6,,
SPU2->CORE_1->APF1_VOL,,0x1F9007A8,,
SPU2->CORE_1->APF2_VOL,,0x1F9007AA,,
SPU2->CORE_1->IN_COEF_L,,0x1F9007AC,,
SPU2->CORE_1->IN_COEF_R,,0x1F9007AE,,
SPU2->SPDIF_OUT,,0x1F9007C0,,
SPU2->SPDIF_IRQINFO,,0x1F9007C2,,
SPU2->SPDIF_07C4,,0x1F9007C4,,
SPU2->SPDIF_MODE,,0x1F9007C6,,
SPU2->SPDIF_MEDIA,,0x1F9007C8,,
SPU2->SPDIF_07CA,,0x1F9007CA,,
SPU2->SPDIF_PROTECT,,0x1F9007CC,,
IOP->Timers->TIMER_0->COUNT,,0x1F801100,,
IOP->Timers->TIMER_0->MODE,,0x1F801104,,
IOP->Timers->TIMER_0->COMP,,0x1F801108,,
IOP->Timers->TIMER_1->COUNT,,0x1F801110,,
IOP->Timers->TIMER_1->MODE,,0x1F801114,,
IOP->Timers->TIMER_1->COMP,,0x1F801118,,
IOP->Timers->TIMER_2->COUNT,,0x1F801120,,
IOP->Timers->TIMER_2->MODE,,0x1F801124,,
IOP->Timers->TIMER_2->COMP,,0x1F801128,,
IOP->Timers->TIMER_3->COUNT,,0x1F801480,,
IOP->Timers->TIMER_3->MODE,,0x1F801484,,
IOP->Timers->TIMER_3->COMP,,0x1F801488,,
IOP->Timers->TIMER_4->COUNT,,0x1F801490,,
IOP->Timers->TIMER_4->MODE,,0x1F801494,,
IOP->Timers->TIMER_4->COMP,,0x1F801498,,
IOP->Timers->TIMER_5->COUNT,,0x1F8014A0,,
IOP->Timers->TIMER_5->MODE,,0x1F8014A4,,
IOP->Timers->TIMER_5->COMP,,0x1F8014A8,,
IOP->ParallelPort,,0x1F000000,,
